<?xml version="1.0" encoding="utf-8" ?>
<!-- SQL XML created by WWW SQL Designer, https://github.com/ondras/wwwsqldesigner/ -->
<!-- Active URL: https://sql.toad.cz/ -->
<sql>
<datatypes db="mysql">
    <group label="Numeric" color="rgb(238,238,170)">
      <type label="Integer" length="0" sql="INTEGER" quote=""/>
      <type label="TINYINT" length="0" sql="TINYINT" quote=""/>
      <type label="SMALLINT" length="0" sql="SMALLINT" quote=""/>
      <type label="MEDIUMINT" length="0" sql="MEDIUMINT" quote=""/>
      <type label="INT" length="0" sql="INT" quote=""/>
      <type label="BIGINT" length="0" sql="BIGINT" quote=""/>
      <type label="Decimal" length="1" sql="DECIMAL" re="DEC" quote=""/>
      <type label="Single precision" length="0" sql="FLOAT" quote=""/>
      <type label="Double precision" length="0" sql="DOUBLE" re="DOUBLE" quote=""/>
    </group>

    <group label="Character" color="rgb(255,200,200)">
      <type label="Char" length="1" sql="CHAR" quote="'"/>
      <type label="Varchar" length="1" sql="VARCHAR" quote="'"/>
      <type label="Text" length="0" sql="MEDIUMTEXT" re="TEXT" quote="'"/>
      <type label="Binary" length="1" sql="BINARY" quote="'"/>
      <type label="Varbinary" length="1" sql="VARBINARY" quote="'"/>
      <type label="BLOB" length="0" sql="BLOB" re="BLOB" quote="'"/>
    </group>

    <group label="Date &amp; Time" color="rgb(200,255,200)">
      <type label="Date" length="0" sql="DATE" quote="'"/>
      <type label="Time" length="0" sql="TIME" quote="'"/>
      <type label="Datetime" length="0" sql="DATETIME" quote="'"/>
      <type label="Year" length="0" sql="YEAR" quote=""/>
      <type label="Timestamp" length="0" sql="TIMESTAMP" quote="'"/>
    </group>

    <group label="Miscellaneous" color="rgb(200,200,255)">
      <type label="ENUM" length="1" sql="ENUM" quote=""/>
      <type label="SET" length="1" sql="SET" quote=""/>
      <type label="Bit" length="0" sql="bit" quote=""/>
    </group>
  </datatypes><table x="10" y="10" name="Perfil_usuario">
<row name="idUsuario" null="0" autoincrement="1">
<datatype>INTEGER</datatype>
<default>NULL</default></row>
<row name="nome" null="0" autoincrement="0">
<datatype>VARCHAR(50)</datatype>
<default>'NULL'</default></row>
<row name="data_nascimento" null="0" autoincrement="0">
<datatype>DATE</datatype>
</row>
<row name="genero" null="0" autoincrement="0">
<datatype>VARCHAR(50)</datatype>
<default>'NULL'</default></row>
<row name="email" null="0" autoincrement="0">
<datatype>VARCHAR(50)</datatype>
<default>'NULL'</default></row>
<row name="senha" null="0" autoincrement="0">
<datatype>VARCHAR(100)</datatype>
<default>'NULL'</default></row>
<row name="cidade" null="0" autoincrement="0">
<datatype>VARCHAR(50)</datatype>
<default>'NULL'</default></row>
<row name="estado" null="0" autoincrement="0">
<datatype>VARCHAR(50)</datatype>
<default>'NULL'</default></row>
<row name="horasTotais" null="0" autoincrement="0">
<datatype>DECIMAL</datatype>
<default>NULL</default></row>
<row name="dataCriacao" null="0" autoincrement="1">
<datatype>DATE</datatype>
<default>'NULL'</default></row>
<key type="PRIMARY" name="">
<part>idUsuario</part>
</key>
</table>
<table x="176" y="10" name="Projeto">
<row name="idProjeto" null="0" autoincrement="1">
<datatype>INTEGER</datatype>
<default>NULL</default></row>
<row name="nome" null="0" autoincrement="0">
<datatype>VARCHAR(50)</datatype>
<default>'NULL'</default></row>
<row name="descricao" null="0" autoincrement="0">
<datatype>VARCHAR(200)</datatype>
<default>'NULL'</default></row>
<row name="cidade" null="0" autoincrement="0">
<datatype>VARCHAR(50)</datatype>
<default>'NULL'</default></row>
<row name="estado" null="0" autoincrement="0">
<datatype>VARCHAR(50)</datatype>
<default>'NULL'</default></row>
<row name="numeroVagas" null="0" autoincrement="0">
<datatype>INTEGER</datatype>
<default>NULL</default></row>
<row name="dataCriacao" null="0" autoincrement="1">
<datatype>DATE</datatype>
<default>'NULL'</default></row>
<row name="isOng" null="1" autoincrement="0">
<datatype>BINARY</datatype>
<default>NULL</default></row>
<row name="cnpj" null="1" autoincrement="0">
<datatype>VARCHAR(20)</datatype>
<default>NULL</default></row>
<row name="nomeOng" null="1" autoincrement="0">
<datatype>VARCHAR(50)</datatype>
<default>NULL</default></row>
<row name="emailOng" null="1" autoincrement="0">
<datatype>VARCHAR(50)</datatype>
<default>NULL</default></row>
<row name="cep" null="1" autoincrement="0">
<datatype>VARCHAR(20)</datatype>
<default>NULL</default></row>
<row name="bairro" null="1" autoincrement="0">
<datatype>VARCHAR(50)</datatype>
<default>NULL</default></row>
<row name="linkImg" null="1" autoincrement="0">
<datatype>VARCHAR(300)</datatype>
<default>NULL</default></row>
<key type="PRIMARY" name="">
<part>idProjeto</part>
</key>
</table>
<table x="303" y="10" name="Convite">
<row name="idConvite" null="0" autoincrement="1">
<datatype>INTEGER</datatype>
<default>NULL</default></row>
<row name="idUsuario (remetente)" null="0" autoincrement="0">
<datatype>INTEGER</datatype>
<default>NULL</default><relation table="Perfil_usuario" row="idUsuario" />
</row>
<row name="idUsuario (destinatario)" null="0" autoincrement="0">
<datatype>INTEGER</datatype>
<default>NULL</default><relation table="Perfil_usuario" row="idUsuario" />
</row>
<row name="idProjeto" null="0" autoincrement="0">
<datatype>INTEGER</datatype>
<default>NULL</default><relation table="Projeto" row="idProjeto" />
</row>
<row name="descricao" null="0" autoincrement="0">
<datatype>VARCHAR(200)</datatype>
<default>'NULL'</default></row>
<row name="dataCriacao" null="0" autoincrement="1">
<datatype>DATE</datatype>
<default>'NULL'</default></row>
<row name="status" null="1" autoincrement="0">
<datatype>VARCHAR(50)</datatype>
<default>NULL</default></row>
<key type="PRIMARY" name="">
<part>idConvite</part>
</key>
</table>
<table x="484" y="10" name="Perfil_empresa">
<row name="idPerfil_empresa" null="0" autoincrement="1">
<datatype>INTEGER</datatype>
<default>NULL</default></row>
<row name="nome" null="0" autoincrement="0">
<datatype>VARCHAR(50)</datatype>
<default>'NULL'</default></row>
<row name="cnpj" null="0" autoincrement="0">
<datatype>INTEGER</datatype>
<default>NULL</default></row>
<row name="cidade" null="0" autoincrement="0">
<datatype>VARCHAR(50)</datatype>
<default>'NULL'</default></row>
<row name="estado" null="1" autoincrement="0">
<datatype>INTEGER</datatype>
<default>NULL</default></row>
<row name="dataCriacao" null="0" autoincrement="1">
<datatype>DATE</datatype>
<default>'NULL'</default></row>
<row name="telefone" null="0" autoincrement="0">
<datatype>VARCHAR(11)</datatype>
</row>
<row name="atuacao" null="0" autoincrement="0">
<datatype>VARCHAR(50)</datatype>
</row>
<key type="PRIMARY" name="">
<part>idPerfil_empresa</part>
</key>
</table>
<table x="658" y="10" name="Usuarios_Empresa">
<row name="idPerfil_empresa" null="0" autoincrement="0">
<datatype>INTEGER</datatype>
<default>NULL</default><relation table="Perfil_empresa" row="idPerfil_empresa" />
</row>
<row name="idUsuario" null="0" autoincrement="0">
<datatype>INTEGER</datatype>
<default>NULL</default><relation table="Perfil_usuario" row="idUsuario" />
</row>
<row name="cargo" null="0" autoincrement="0">
<datatype>VARCHAR(50)</datatype>
<default>'NULL'</default></row>
<row name="horasContadas" null="0" autoincrement="0">
<datatype>DECIMAL</datatype>
<default>NULL</default></row>
<row name="dataEntrada" null="0" autoincrement="1">
<datatype>DATE</datatype>
<default>'NULL'</default></row>
<key type="PRIMARY" name="">
</key>
</table>
<table x="854" y="10" name="Empresa_Projeto">
<row name="idPerfil_empresa" null="0" autoincrement="0">
<datatype>INTEGER</datatype>
<default>NULL</default><relation table="Perfil_empresa" row="idPerfil_empresa" />
</row>
<row name="idProjeto" null="0" autoincrement="0">
<datatype>INTEGER</datatype>
<default>NULL</default><relation table="Projeto" row="idProjeto" />
</row>
<row name="area" null="0" autoincrement="0">
<datatype>VARCHAR(50)</datatype>
<default>'NULL'</default></row>
<row name="horasContadas" null="1" autoincrement="0">
<datatype>DECIMAL</datatype>
<default>NULL</default></row>
<row name="dataCriacao" null="0" autoincrement="1">
<datatype>DATE</datatype>
<default>'NULL'</default></row>
<key type="PRIMARY" name="">
</key>
</table>
<table x="1041" y="10" name="Usuarios_Projeto">
<row name="idUsuario" null="0" autoincrement="0">
<datatype>INTEGER</datatype>
<default>NULL</default><relation table="Perfil_usuario" row="idUsuario" />
</row>
<row name="idProjeto" null="0" autoincrement="0">
<datatype>INTEGER</datatype>
<default>NULL</default><relation table="Projeto" row="idProjeto" />
</row>
<row name="funcao" null="0" autoincrement="0">
<datatype>VARCHAR(50)</datatype>
<default>'NULL'</default></row>
<row name="horasContadas" null="0" autoincrement="0">
<datatype>DECIMAL</datatype>
<default>NULL</default></row>
<row name="dataEntrada" null="0" autoincrement="1">
<datatype>DATE</datatype>
<default>'NULL'</default></row>
<key type="PRIMARY" name="">
</key>
</table>
<table x="1227" y="10" name="Voluntariado">
<row name="idVoluntariado" null="0" autoincrement="1">
<datatype>INTEGER</datatype>
<default>NULL</default></row>
<row name="idUsuario" null="0" autoincrement="0">
<datatype>INTEGER</datatype>
<default>NULL</default><relation table="Perfil_usuario" row="idUsuario" />
</row>
<row name="titulo" null="0" autoincrement="0">
<datatype>VARCHAR(50)</datatype>
<default>'NULL'</default></row>
<row name="descricao" null="1" autoincrement="0">
<datatype>VARCHAR(200)</datatype>
<default>NULL</default></row>
<row name="horasTrabalhadas" null="0" autoincrement="0">
<datatype>DECIMAL</datatype>
<default>NULL</default></row>
<row name="status" null="1" autoincrement="0">
<datatype>VARCHAR(50)</datatype>
<default>NULL</default></row>
<row name="dataInicio" null="0" autoincrement="0">
<datatype>DATE</datatype>
<default>'NULL'</default></row>
<row name="dataFim" null="1" autoincrement="0">
<datatype>DATE</datatype>
<default>NULL</default></row>
<key type="PRIMARY" name="">
<part>idVoluntariado</part>
</key>
</table>
</sql>
